deutsch_grundform,spanisch_grundform
ab,a partir de
abbiegen,doblar
Abbildung,ilustración
Abenteuer,aventura
aber,pero
abfahren,partir
Abfahrt,salida
Abfall,basura
Abfalleimer,papelera
Abgase,gases de escape
abgeben,entregar
abhängen,depender
abhängig,dependiente
abheben,sacar
abholen,recoger
Abitur,selectividad
ablehnen,rechazar
abmachen,acordar
abnehmen,quitar
abonnieren,suscribirse
Abonnement,suscripción
absagen,cancelar
Abschluss,final
Abschnitt,sección
Absender,remitente
Absicht,intención
absolut,absoluto
abstimmen,votar
Abteilung,departamento
Abwart,conserje
abwärts,hacia abajo
abwaschen,fregar
abwesend,ausente
achten,prestar atención
Achtung,atención
Adresse,dirección
ähnlich,parecido
Alphabet,alfabeto
Ahnung,idea
Aktion,acción
aktiv,activo
Aktivität,actividad
aktuell,actual
akzeptieren,aceptar
Alarm,alarma
Alkohol,alcohol
all,todo
allein,solo
aller,el más
allerdings,sin embargo
allgemein,general
Alltag,vida cotidiana
alltäglich,cotidiano
als,que
als ob,como si
also,así que
alt,viejo
Alter,edad
Altenheim,residencia de ancianos
Altersheim,residencia de ancianos
alternativ,alternativo
Alternative,alternativa
Ampel,semáforo
Amt,oficina
sich amüsieren,divertirse
an,en
analysieren,analizar
anbieten,ofrecer
Anbieter,proveedor
ander,otro
andererseits,por otro lado
ändern,cambiar
Änderung,cambio
anders,diferente
anerkennen,reconocer
anfangen,empezar
Anfang,principio
anfangs,al principio
angeben,indicar
Angabe,indicación
Angehörige,familiar
angenehm,agradable
Angst,miedo
ängstlich,miedoso
anhaben,llevar puesto
anklicken,hacer clic
ankommen,llegar
Ankunft,llegada
ankündigen,anunciar
Anlage,instalación
Anleitung,instrucciones
anmelden,inscribirse
Anmeldung,inscripción
annehmen,aceptar
Annonce,anuncio
Anrede,tratamiento
anrufen,llamar
Anruf,llamada
Anrufbeantworter,contestador automático
Ansage,anuncio
anschaffen,comprar
anschließen,conectar
Anschluss,conexión
anschnallen,abrocharse el cinturón
ansehen,mirar
ansprechen,dirigirse a
Anspruch,derecho
anstellen,contratar
Angestellte,empleado
sich anstrengen,esforzarse
anstrengend,agotador
Antrag,solicitud
anwenden,aplicar
anwesend,presente
antworten,responder
Antwort,respuesta
Anwalt,abogado
anzeigen,denunciar
Anzeige,anuncio
anziehen,vestirse
Anzug,traje
Apartment,apartamento
Apfel,manzana
Apotheke,farmacia
Apparat,aparato
Appetit,apetito
Aprikose,albaricoque
arbeiten,trabajar
Arbeiter,obrero
Arbeit,trabajo
Arbeitserlaubnis,permiso de trabajo
arbeitslos,desempleado
Arbeitslosigkeit,desempleo
Arbeitsplatz,puesto de trabajo
Arbeitsstelle,puesto de trabajo
Architekt,arquitecto
sich ärgern,enfadarse
Ärger,enfado
ärgerlich,fastidioso
arm,pobre
Arm,brazo
Art,tipo
Artikel,artículo
Arzt,médico
Asyl,asilo
atmen,respirar
Atem,respiración
auch,también
auf,en
Aufenthalt,estancia
auffallen,llamar la atención
auffordern,pedir
Aufforderung,petición
aufführen,representar
Aufgabe,tarea
aufgeben,rendirse
aufhalten,detener
aufheben,recoger
aufhören,terminar
aufladen,cargar
auflösen,disolver
aufmerksam,atento
aufnehmen,grabar
Aufnahme,grabación
aufpassen,prestar atención
aufräumen,ordenar
aufregen,excitar
aufstehen,levantarse
Auftrag,encargo
auftreten,actuar
Auftritt,actuación
aufwachen,despertarse
aufwärts,hacia arriba
Aufzug,ascensor
Auge,ojo
Augenblick,momento
aus,de
Ausbildung,formación
ausgebildet,formado
ausdrucken,imprimir
Ausdruck,expresión
auseinander,separado
Ausfahrt,salida
ausfallen,cancelarse
Ausflug,excursión
ausfüllen,rellenar
Ausgabe,gasto
Ausgang,salida
ausgeben,gastar
ausgehen,salir
ausgezeichnet,excelente
Aushilfe,ayudante
Auskunft,información
Ausland,extranjero
Ausländer,extranjero
ausländisch,extranjero
ausmachen,apagar
Ausnahme,excepción
ausreichen,ser suficiente
ausreichend,suficiente
ausrichten,transmitir un recado
sich ausruhen,descansar
ausschließen,excluir
ausschließlich,exclusivamente
aussehen,parecer
außen,fuera
außer,excepto
außerdem,además
außerhalb,fuera de
äußerlich,externo
Aussicht,vista
aussprechen,pronunciar
Aussprache,pronunciación
ausstellen,exponer
Ausstellung,exposición
aussuchen,elegir
auswählen,elegir
Auswahl,selección
Ausweis,documento de identidad
ausziehen,desvestirse
Auto,coche
Autobahn,autopista
Automat,máquina expendedora
automatisch,automático
Autor,autor
Baby,bebé
Babysitter,canguro
backen,hornear
Bäckerei,panadería
baden,bañarse
Bad,baño
Badewanne,bañera
Bahn,tren
Bahnhof,estación
Bahnsteig,andén
bald,pronto
Balkon,balcón
Ball,pelota
Ballett,ballet
Banane,plátano
Band,grupo de música
Bank,banco
Bankleitzahl,código bancario
Bankomat,cajero automático
Bankomat-Karte,tarjeta de cajero
bar,en efectivo
Bargeld,dinero en efectivo
Bar,bar
Bart,barba
Basketball,baloncesto
basteln,hacer manualidades
Batterie,pila
Bauch,barriga
bauen,construir
Bau,construcción
Baustelle,obra
Bauer,campesino
Baum,árbol
beachten,prestar atención
Beamte,funcionario
beantragen,solicitar
beantworten,responder
sich bedanken,agradecer
Bedarf,necesidad
bedeuten,significar
Bedeutung,significado
bedienen,atender
Bedienungsanleitung,instrucciones de uso
Bedingung,condición
sich beeilen,darse prisa
beenden,terminar
sich befinden,encontrarse
befreit,liberado
befriedigend,satisfactorio
begegnen,encontrarse
begeistert,entusiasmado
beginnen,empezar
Beginn,comienzo
begleiten,acompañar
begrenzt,limitado
begründen,justificar
Begründung,justificación
begrüßen,saludar
behalten,quedarse
behandeln,tratar
behaupten,afirmar
behindern,obstaculizar
behindert,discapacitado
Behörde,autoridad
bei,en
beide,ambos
Bein,pierna
beinahe,casi
Beispiel,ejemplo
beißen,morder
Beitrag,contribución
bekannt,conocido
Bekannte,conocido
bekannt geben,anunciar
bekommen,recibir
Beleg,recibo
beleidigen,insultar
beliebt,popular
bemerken,notar
sich bemühen,esforzarse
benötigen,necesitar
benutzen,usar
Benzin,gasolina
beobachten,observar
bequem,cómodo
beraten,aconsejar
Beratung,asesoramiento
berechnen,calcular
Bereich,zona
bereit,listo
bereits,ya
Berg,montaña
berichten,informar
Bericht,informe
Beruf,profesión
beruflich,profesional
berufstätig,que trabaja
beruhigen,tranquilizar
berühmt,famoso
beschädigen,dañar
beschäftigen,ocupar
Beschäftigung,ocupación
Bescheid,respuesta
Bescheid sagen,avisar
Bescheid geben,avisar
beschließen,decidir
beschränken,limitar
beschreiben,describir
Beschreibung,descripción
sich beschweren,quejarse
besetzen,ocupar
besichtigen,visitar
besitzen,poseer
besonder,especial
besonders,especialmente
besorgen,conseguir
besprechen,hablar
Besprechung,reunión
Besserung,mejoría
bestätigen,confirmar
Bestätigung,confirmación
bestehen,aprobar
bestellen,pedir
bestimmt,seguro
bestrafen,castigar
besuchen,visitar
Besuch,visita
sich beteiligen,participar
Betrag,importe
betreuen,cuidar
Betreuer,cuidador
Betreuung,cuidado
Betrieb,empresa
Betriebsrat,comité de empresa
betrügen,engañar
betrunken,borracho
Bett,cama
Bevölkerung,población
bevor,antes de
bewegen,mover
Bewegung,movimiento
beweisen,demostrar
Beweis,prueba
sich bewerben,solicitar
Bewerbung,solicitud
Bewohner,habitante
bezahlen,pagar
Beziehung,relación
Bibliothek,biblioteca
Bier,cerveza
bieten,ofrecer
Bild,imagen
Bildschirm,pantalla
Billett,billete
billig,barato
Biologie,biología
Bio-,ecológico
bio(logisch),biológico
Birne,pera
bis,hasta
bisher,hasta ahora
ein bisschen,un poco
bitten,pedir
Bitte,petición
bitte,por favor
bitter,amargo
blass,pálido
Blatt,hoja
bleiben,quedarse
Bleistift,lápiz
Blick,vista
blind,ciego
Blitz,rayo
blitzen,relampaguear
bloß,solo
blond,rubio
blühen,florecer
Blume,flor
Bluse,blusa
bluten,sangrar
Blut,sangre
Boden,suelo
Bogen,arco
Bohne,judía
Boot,barco
Botschaft,embajada
böse,malo
braten,freír
Braten,asado
brauchen,necesitar
brechen,romper
breit,ancho
Breite,anchura
bremsen,frenar
Bremse,freno
brennen,arder
Brief,carta
Briefkasten,buzón
Briefmarke,sello
Briefträger,cartero
Briefumschlag,sobre
Brieftasche,cartera
Brille,gafas
bringen,traer
Broschüre,folleto
Brot,pan
Brötchen,panecillo
Brötli,panecillo
Brücke,puente
Bruder,hermano
Brust,pecho
Bub,chico
buchen,reservar
Buch,libro
Buchhandlung,librería
buchstabieren,deletrear
Buchstabe,letra
Büchse,lata
Buffet,bufé
Bühne,escenario
bunt,de colores
Burg,castillo
Bürger,ciudadano
Büro,oficina
Bürste,cepillo
Bus,autobús
Butter,mantequilla
Café,cafetería
Cafeteria,cafetería
Chance,oportunidad
Chef,jefe
chic/schick,elegante
Coiffeur,peluquero
Couch,sofá
Cousin,primo
Cousine,prima
Couvert,sobre
Creme,crema
da,ahí
dabei,con
Dach,tejado
dafür,para eso
dagegen,en contra
daher,por eso
dahin,hacia allí
damals,entonces
Dame,señora
damit,para que
danach,después
daneben,al lado
danken,agradecer
Dank,agradecimiento
dankbar,agradecido
danke,gracias
dann,entonces
darstellen,representar
Darstellung,representación
dass,que
Datei,archivo
Datum,fecha
Dauer,duración
dauern,durar
dauernd,continuamente
Decke,techo
dekorieren,decorar
denken,pensar
Gedanke,pensamiento
Denkmal,monumento
denn,pues
derselbe,el mismo
deshalb,por eso
Dessert,postre
deswegen,por eso
Detail,detalle
deutlich,claramente
Diät,dieta
Dialekt,dialecto
Dialog,diálogo
dicht,denso
dick,gordo
Dieb,ladrón
dienen,servir
Dienst,servicio
dies,este
diesmal,esta vez
digital,digital
Ding,cosa
Diplom,diploma
direkt,directo
Direktor,director
Dreck,suciedad
drehen,girar
dringend,urgente
drin,dentro
Droge,droga
Drogerie,droguería
drüben,allí
drucken,imprimir
Drucker,impresora
drücken,apretar
Druck,presión
dumm,tonto
dunkel,oscuro
dünn,delgado
durch,a través de
durcheinander,desordenado
Durchsage,anuncio
Durchschnitt,promedio
durchschnittlich,de media
dürfen,poder
Durst,sed
durstig,sediento
duschen,ducharse
Dusche,ducha
duzen,tutear
eben,justo
ebenfalls,igualmente
ebenso,igualmente
e-card,tarjeta sanitaria
echt,auténtico
ec-Karte,tarjeta de débito
Ecke,esquina
Eck,esquina
eckig,cuadrado
egal,igual
Ehe,matrimonio
Ehefrau,esposa
Ehemann,esposo
Ehepaar,matrimonio
eher,más bien
ehrlich,honesto
Ei,huevo
eigen,propio
eigentlich,en realidad
sich eignen,ser adecuado
eilen,apresurarse
Eile,prisa
eilig,con prisa
ein,un
Einbahnstraße,calle de sentido único
einbrechen,robar
Einbrecher,ladrón
Einbruch,robo
eindeutig,claro
Eindruck,impresión
einerseits,por un lado
einfach,sencillo
Einfahrt,entrada
einfallen,ocurrirse
Einfall,idea
Einfluss,influencia
einfügen,insertar
einführen,introducir
Einführung,introducción
Eingang,entrada
einheitlich,uniforme
einig,de acuerdo
sich einigen,ponerse de acuerdo
einkaufen,comprar
Einkauf,compra
Einkommen,ingresos
einladen,invitar
Einladung,invitación
einmal,una vez
Einnahme,ingreso
einpacken,empaquetar
einrichten,amueblar
Einrichtung,mobiliario
einsam,solitario
einschalten,encender
einschließlich,incluido
Einschreiben,carta certificada
einsetzen,utilizar
einsteigen,subir
einstellen,contratar
eintragen,inscribir
eintreten,entrar
Eintritt,entrada
einverstanden,de acuerdo
Einwohner,habitante
einzahlen,ingresar
Einzahlung,ingreso
einzeln,individual
Einzel-,individual
Einzelheit,detalle
einzig,único
einziehen,mudarse
Eis,hielo
Eisenbahn,ferrocarril
elegant,elegante
elektrisch,eléctrico
Elektro-,eléctrico
elektronisch,electrónico
Eltern,padres
empfangen,recibir
Empfang,recepción
Empfänger,destinatario
empfehlen,recomendar
Empfehlung,recomendación
enden,terminar
Ende,final
endlich,por fin
endgültig,definitivo
Energie,energía
eng,estrecho
Enkel,nieto
entdecken,descubrir
entfernen,quitar
Entfernung,distancia
entgegenkommen,acercarse
enthalten,contener
entlang,a lo largo de
entlassen,despedir
Entlassung,despido
entscheiden,decidir
Entscheidung,decisión
unentschieden,indeciso
sich entschließen,decidirse
entschlossen,decidido
entschuldigen,disculpar
Entschuldigung,disculpa
entsorgen,eliminar
entspannend,relajante
entstehen,surgir
enttäuschen,decepcionar
Enttäuschung,decepción
entweder ... oder,o ... o
entwickeln,desarrollar
Entwicklung,desarrollo
Erde,tierra
Erdapfel,patata
Erdgeschoss,planta baja
Ereignis,acontecimiento
sich ereignen,ocurrir
erfahren,enterarse
Erfahrung,experiencia
erfinden,inventar
Erfindung,invento
Erfolg,éxito
erfolgreich,exitoso
erforderlich,necesario
erfordern,requerir
erfüllen,cumplir
ergänzen,completar
Ergebnis,resultado
erhalten,recibir
erhöhen,aumentar
Erhöhung,aumento
sich erholen,recuperarse
Erholung,recuperación
erinnern,recordar
Erinnerung,recuerdo
sich erkälten,resfriarse
erkältet,resfriado
Erkältung,resfriado
erkennen,reconocer
erklären,explicar
Erklärung,explicación
sich erkundigen,informarse
erlauben,permitir
Erlaubnis,permiso
erleben,experimentar
Erlebnis,experiencia
erledigen,hacer
erleichtern,facilitar
Ermäßigung,descuento
ernähren,alimentar
Ernährung,alimentación
ernst,serio
ernsthaft,seriamente
Ernte,cosecha
eröffnen,abrir
Eröffnung,inauguración
erreichen,alcanzar
erschöpft,agotado
erschrecken,asustar
ersetzen,reemplazar
Ersatz,reemplazo
erst,primero
erst-,primero
erstellen,crear
erwachsen,adulto
Erwachsene,adulto
erwarten,esperar
erzählen,contar
Erzählung,narración
erziehen,educar
Erziehung,educación
es,ello
essen,comer
Essig,vinagre
Essen,comida
Etage,piso
etwa,aproximadamente
etwas,algo
eventuell,eventualmente
ewig,eterno
Experte,experto
Export,exportación
extra,extra
extrem,extremo
Fabrik,fábrica
Fach,asignatura
Fachmann,especialista
Fachleute,expertos
Fähigkeit,habilidad
fahren,conducir
Fähre,ferry
Fahrbahn,calzada
Fahrer,conductor
Fahrkarte,billete
Fahrplan,horario
Fahrrad,bicicleta
Fahrzeug,vehículo
fair,justo
Faktor,factor
Fall,caso
fallen,caer
fällig,vencido
falls,en caso de que
falsch,falso
Familie,familia
Familienstand,estado civil
fangen,coger
Fantasie,fantasía
fantastisch,fantástico
Farbe,color
farbig,de color
Faschierte,carne picada
Fasching,carnaval
Fasnacht,carnaval
fassen,coger
fast,casi
faul,perezoso
faulenzen,holgazanear
Fauteuil,sillón
fehlen,faltar
Fehler,error
feiern,celebrar
Feier,fiesta
Feierabend,fin de la jornada laboral
Feiertag,día festivo
Feld,campo
Fenster,ventana
Ferien,vacaciones
Ferien-,de vacaciones
Fernbedienung,mando a distancia
fernsehen,ver la televisión
Fernsehen,televisión
Fernseher,televisor
fertig,listo
fest,fijo
Fest,fiesta
Festplatte,disco duro
festhalten,sujetar
festlegen,fijar
festnehmen,detener
festsetzen,establecer
feststehen,estar claro
feststellen,constatar
fett,graso
Fett,grasa
feucht,húmedo
Feuer,fuego
Feuerzeug,mechero
Feuerwehr,bomberos
Fieber,fiebre
Figur,figura
Film,película
finanzieren,financiar
finanziell,financiero
finden,encontrar
Finger,dedo
Firma,empresa
Fisch,pescado
fit,en forma
Fitness,fitness
flach,plano
Fläche,superficie
Flasche,botella
Fleck,mancha
Fleisch,carne
Fleischhauer,carnicero
fleißig,trabajador
flexibel,flexible
fliegen,volar
fliehen,huir
Flucht,huida
fließen,fluir
fließend,con fluidez
Flohmarkt,mercadillo
Flöte,flauta
Flug,vuelo
Flughafen,aeropuerto
Flugzeug,avión
Flur,pasillo
Fluss,río
Flüssigkeit,líquido
folgen,seguir
Folge,consecuencia
folgend,siguiente
fordern,exigir
Forderung,exigencia
fördern,fomentar
Förderung,fomento
Form,forma
Formular,formulario
forschen,investigar
Forschung,investigación
Fortbildung,formación continua
Fortschritt,progreso
fortsetzen,continuar
Fortsetzung,continuación
Forum,foro
fotografieren,fotografiar
Foto,foto
Fotoapparat,cámara de fotos
Fotograf,fotógrafo
Fotografie,fotografía
fragen,preguntar
Frage,pregunta
Frau,mujer
frech,descarado
frei,libre
im Freien,al aire libre
Freiheit,libertad
Freizeit,tiempo libre
freiwillig,voluntario
fremd,extranjero
fressen,comer (animales)
sich freuen,alegrarse
Freude,alegría
Freund,amigo
freundlich,amable
Freundschaft,amistad
Friede,paz
frieren,tener frío
frisch,fresco
Friseur,peluquero
Frisur,peinado
Frist,plazo
froh,alegre
Frucht,fruta
fröhlich,alegre
früh/früher,temprano
frühstücken,desayunar
Frühstück,desayuno
fühlen,sentir
führen,guiar
Führerausweis,permiso de conducir
Führerschein,permiso de conducir
Führung,visita guiada
Fundbüro,oficina de objetos perdidos
funktionieren,funcionar
für,para
furchtbar,terrible
sich fürchten,temer
Fuß,pie
Fußball,fútbol
Fußgänger,peatón
Fußgängerzone,zona peatonal
füttern,alimentar
Gabel,tenedor
Galerie,galería
Gang,pasillo
ganz,entero
gar,en absoluto
Garage,garaje
garantieren,garantizar
Garantie,garantía
Garderobe,guardarropa
Garten,jardín
Gas,gas
Gast,invitado
Gasthaus,posada
Gaststätte,restaurante
Gebäck,pastelería
Gebäude,edificio
geben,dar
Gebiet,zona
Gebirge,montaña
geboren werden,nacer
gebrauchen,usar
Gebrauchsanweisung,instrucciones de uso
Gebühr,tasa
Geburt,nacimiento
Geburtstag,cumpleaños
Gedicht,poema
Geduld,paciencia
geehrt,honrado
geeignet,adecuado
Gefahr,peligro
gefährlich,peligroso
gefallen,gustar
sich etwas gefallen lassen,dejarse
Gefängnis,cárcel
Gefühl,sentimiento
gegen,contra
Gegner,oponente
Gegend,zona
Gegensatz,contraste
Gegenstand,objeto
Gegenteil,contrario
gegenüber,enfrente
Gehalt,sueldo
geheim,secreto
Geheimnis,secreto
gehen,ir
gehören,pertenecer
Gehsteig,acera
Geld,dinero
Geldautomat,cajero automático
Geldbörse,monedero
Gelegenheit,oportunidad
gelingen,lograr
gelten,ser válido
gemeinsam,en común
Gemeinschaft,comunidad
Gemüse,verdura
gemütlich,acogedor
genau,exacto
genauso,exactamente
genehmigen,autorizar
Generation,generación
genießen,disfrutar
genug,suficiente
genügen,bastar
Gepäck,equipaje
gerade,recto
geradeaus,todo recto
Gerät,aparato
gerecht,justo
Gericht,tribunal
gering,escaso
gern/gerne,con gusto
gesamt,total
Geschäft,negocio
geschehen,suceder
Geschenk,regalo
Geschichte,historia
geschieden,divorciado
Geschirr,vajilla
Geschlecht,sexo
Geschmack,sabor
Geschwindigkeit,velocidad
Geschwindigkeitsbeschränkung,límite de velocidad
Geschwister,hermanos
Gesellschaft,sociedad
Gesetz,ley
Gesicht,cara
gespannt,expectante
Gespräch,conversación
gestern,ayer
gesund,sano
Gesundheit,salud
Getränk,bebida
Gewalt,violencia
Gewerkschaft,sindicato
Gewicht,peso
gewinnen,ganar
Gewinn,ganancia
Gewissen,conciencia
Gewitter,tormenta
gewöhnen,acostumbrar
Gewohnheit,costumbre
gewohnt,acostumbrado
gewöhnlich,habitual
Gewürz,especia
gießen,regar
Gift,veneno
giftig,venenoso
Gitarre,guitarra
Glace,helado
Glas,vaso
glatt,liso
glauben,creer
gleich,igual
gleichfalls,igualmente
gleichberechtigt,con los mismos derechos
gleichzeitig,simultáneamente
Gleis,vía
Glück,suerte
glücklich,feliz
Glückwunsch,felicitación
Gold,oro
Golf,golf
Gott,dios
Grafik,gráfico
Gras,hierba
gratulieren,felicitar
Gratulation,felicitación
gratis,gratis
greifen,coger
Grenze,frontera
grillen,hacer barbacoa
grillieren,hacer barbacoa
Grill,parrilla
Grippe,gripe
groß,grande
Groß-,grande
Größe,talla
gründen,fundar
Grund,motivo
gründlich,a fondo
Grundstück,terreno
Gruppe,grupo
grüßen,saludar
Gruß,saludo
gucken,mirar
gültig,válido
günstig,barato
gut,bueno
Gymnastik,gimnasia
Haar,pelo
haben,tener
Hackfleisch,carne picada
Hafen,puerto
hageln,granizar
Hähnchen,pollo
halb,medio
Halbpension,media pensión
halbtags,a media jornada
Hälfte,mitad
Halle,pabellón
Hallenbad,piscina cubierta
hallo,hola
Hals,cuello
halt,pues
haltbar,duradero
halten,parar
Halt,parada
Haltestelle,parada
Hammer,martillo
Hand,mano
Handwerker,artesano
handeln,actuar
Handel,comercio
Händler,comerciante
Handy,móvil
hängen,colgar
hart,duro
hassen,odiar
hässlich,feo
häufig,frecuentemente
Haupt-,principal
Hauptstadt,capital
Hauptbahnhof,estación principal
Haus,casa
Hausaufgabe,deberes
Hausfrau,ama de casa
Haushalt,hogar
Hausmeister,conserje
Haustier,mascota
Haut,piel
heben,levantar
Heft,cuaderno
heim,a casa
Heim,hogar
Heimat,patria
heimlich,en secreto
Heimweh,nostalgia
heiraten,casarse
heiß,caliente
heißen,llamarse
heizen,calentar
Heizung,calefacción
Held,héroe
helfen,ayudar
Hilfe,ayuda
hell,claro
Hemd,camisa
Hend(e)l,pollo
her/her-,hacia aquí
heraus/raus,afuera
herausfinden,averiguar
Herausforderung,desafío
Herd,cocina
herein/rein,adentro
Herkunft,origen
Herr,señor
herstellen,fabricar
Hersteller,fabricante
herunter/runter,abajo
herunterladen,descargar
Herz,corazón
herzlich,cordial
heute,hoy
heutig,de hoy
hier/hier-,aquí
hierher,hacia aquí
Himmel,cielo
hinunter,hacia abajo
hinten,detrás
hinter/hinter-,detrás de
hinterlassen,dejar
hinterher,después
hinweisen,indicar
Hinweis,indicación
historisch,histórico
Hitze,calor
Hobby,afición
hoch,alto
hochladen,subir
höchstens,como máximo
Hochzeit,boda
Höhe,altura
Hof,patio
hoffen,esperar
hoffentlich,ojalá
Hoffnung,esperanza
höflich,amable
holen,ir a buscar
Holz,madera
Honig,miel
hören,oír
Hörer,oyente
Hose,pantalones
Hotel,hotel
hübsch,bonito
Hügel,colina
Humor,humor
Hunger,hambre
hungrig,hambriento
hupen,tocar el claxon
husten,toser
Husten,tos
Hut,sombrero
Hütte,cabaña
ideal,ideal
Idee,idea
illegal,ilegal
Imbiss,aperitivo
immer,siempre
Import,importación
in,en
indem,mientras
individuell,individual
Industrie,industria
Infektion,infección
informieren,informar
Information,información
Ingenieur,ingeniero
Inhalt,contenido
inklusive,incluido
innen,dentro
inner-,interno
innerhalb,dentro de
Insel,isla
Inserat,anuncio
insgesamt,en total
installieren,instalar
Institut,instituto
Instrument,instrumento
integrieren,integrar
Integration,integración
intelligent,inteligente
Intelligenz,inteligencia
intensiv,intensivo
Intensivkurs,curso intensivo
interessieren,interesar
interessant,interesante
Interesse,interés
interessiert,interesado
interkulturell,intercultural
international,internacional
Internet,internet
Interview,entrevista
inzwischen,mientras tanto
irgend,algún
irgendein,alguno
irgendwann,alguna vez
sich irren,equivocarse
ja,sí
Jacke,chaqueta
Jause,merienda
je,cada
je ... desto,cuanto ... más
Jeans,vaqueros
jeder,cada
jederzeit,en cualquier momento
jedes Mal,cada vez
jedoch,sin embargo
jemals,alguna vez
jemand,alguien
jetzt,ahora
jeweils,respectivamente
Journalist,periodista
Jugend,juventud
Jugendliche,joven
Jugendherberge,albergue juvenil
jung,joven
Junge,chico
Kabel,cable
Kabine,cabina
Kaffee,café
Kaffeehaus,cafetería
Kakao,cacao
Kalender,calendario
kalt,frío
Kälte,frío
Kamera,cámara
kämpfen,luchar
Kampf,lucha
Kanal,canal
Kandidat,candidato
Kanne,jarra
Kantine,comedor
Kapitel,capítulo
kaputt,roto
kaputtgehen,romperse
kaputtmachen,romper
Karneval,carnaval
Karotte,zanahoria
Karriere,carrera
Karte,tarjeta
Chipkarte,tarjeta con chip
Fahrkarte,billete
Kartoffel,patata
Käse,queso
Kasse,caja
Kassette,casete
Kasten,caja
Katalog,catálogo
Katastrophe,catástrofe
kaufen,comprar
Käufer,comprador
Kauf,compra
kaum,apenas
kein,ninguno
Keller,sótano
Kellner,camarero
kennen,conocer
kennenlernen,conocer
Kenntnisse,conocimientos
Kennzeichen,matrícula
Kerze,vela
Kette,cadena
Kind,niño
Kindergarten,guardería
Kindheit,infancia
Kino,cine
Kiosk,quiosco
Kirche,iglesia
Kiste,caja
Kissen,cojín
klagen,quejarse
klappen,funcionar
klar,claro
klären,aclarar
Klasse,clase
Klassenarbeit,trabajo de clase
Klavier,piano
kleben,pegar
Kleid,vestido
Kleidung,ropa
klein,pequeño
klettern,trepar
klicken,hacer clic
Klick,clic
Klima,clima
Klimaanlage,aire acondicionado
klingeln,sonar
Klingel,timbre
klingen,sonar
Klinik,clínica
klopfen,llamar a la puerta
Kloß,albóndiga
klug,listo
knapp,escaso
Kneipe,bar
Knie,rodilla
Knochen,hueso
Knödel,albóndiga
Knopf,botón
kochen,cocinar
Koch,cocinero
Koffer,maleta
Kollege,colega
komisch,raro
kommen,venir
Kommunikation,comunicación
komplett,completo
kompliziert,complicado
Kompromiss,compromiso
Konferenz,conferencia
Konfitüre,mermelada
Konflikt,conflicto
König,rey
Konkurrenz,competencia
können,poder
Konsulat,consulado
konsumieren,consumir
Konsum,consumo
Kontakt,contacto
Konto,cuenta
Girokonto,cuenta corriente
kontrollieren,controlar
Kontrolle,control
sich konzentrieren,concentrarse
Konzert,concierto
Kopf,cabeza
kopieren,copiar
Kopie,copia
Kopierer,fotocopiadora
Körper,cuerpo
korrekt,correcto
körperlich,físico
Korridor,pasillo
korrigieren,corregir
Kosmetik,cosmética
kosten,costar
Kosten,costes
kostenlos,gratis
kosten,probar
Kostüm,disfraz
Kraft,fuerza
kräftig,fuerte
Kraftfahrzeug,vehículo de motor
Kraftwerk,central eléctrica
krank,enfermo
Kranke,enfermo
Krankenhaus,hospital
Krankenkasse,seguro médico
Krankenpfleger,enfermero
Krankenschwester,enfermera
Krankenwagen,ambulancia
Krankheit,enfermedad
kreativ,creativo
Kredit,crédito
Kreditkarte,tarjeta de crédito
Kreis,círculo
Kreuz,cruz
Kreuzung,cruce
Krieg,guerra
kriegen,conseguir
Kriminal-,criminal
Kriminalpolizei,policía criminal
Krimi,novela negra
Krise,crisis
kritisieren,criticar
Kritik,crítica
kritisch,crítico
Küche,cocina
Kuchen,pastel
Kugelschreiber,bolígrafo
Kuli,bolígrafo
kühl,fresco
Kühlschrank,nevera
Kultur,cultura
kulturell,cultural
sich kümmern,cuidar
Kunde,cliente
kündigen,despedir
Kündigung,despido
Kunst,arte
Künstler,artista
künstlich,artificial
Kunststoff,plástico
Kurs,curso
Kursleiter,director del curso
Kurve,curva
kurz,corto
kürzlich,recientemente
küssen,besar
Kuss,beso
Küste,costa
Kuvert,sobre
lächeln,sonreír
lachen,reír
Laden,tienda
Lage,situación
Lager,almacén
Lampe,lámpara
Land,país
Landwirtschaft,agricultura
Landschaft,paisaje
landen,aterrizar
Landung,aterrizaje
lang,largo
Länge,longitud
lange,mucho tiempo
langsam,despacio
längst,hace mucho tiempo
langweilig,aburrido
sich langweilen,aburrirse
Langeweile,aburrimiento
Lärm,ruido
lassen,dejar
Laster,camión
laufen,correr
Laufwerk,unidad de disco
Laune,humor
laut,alto
Lautsprecher,altavoz
lecker,delicioso
leben,vivir
Leben,vida
Lebenslauf,currículum
Lebensmittel,alimentos
Leder,cuero
ledig,soltero
leer,vacío
legen,poner
Lehre,aprendizaje
Lehrling,aprendiz
Lehrstelle,plaza de aprendizaje
Lehrer,profesor
leicht,ligero
leidtun,sentir
leiden,sufrir
leider,por desgracia
leihen,prestar
leise,bajo
leisten,permitirse
Leistung,rendimiento
leiten,dirigir
Leiter,director
Leitung,dirección
Leiter,escalera
lernen,aprender
Lerner,aprendiz
lesen,leer
Leser,lector
letzt,último
Leute,gente
Lexikon,diccionario
Licht,luz
lieben,amar
lieb,querido
Liebe,amor
Lieblings-,favorito
liefern,entregar
Lieferung,entrega
liegen,estar tumbado
Lift,ascensor
Limonade,limonada
Linie,línea
links,izquierda
link-,izquierdo
Lippe,labio
Liste,lista
Literatur,literatura
loben,alabar
Loch,agujero
locker,suelto
Löffel,cuchara
Lohn,sueldo
sich lohnen,valer la pena
Lokal,local
los/los-,¡vamos!
losfahren,partir
löschen,borrar
lösen,resolver
Lösung,solución
Luft,aire
lügen,mentir
Lüge,mentira
Lust,gana
lustig,divertido
machen,hacer
Mädchen,chica
Magazin,revista
Magen,estómago
mager,magro
Mahlzeit,comida
Mahnung,recordatorio
mal,vez
Mal,vez
malen,pintar
Maler,pintor
man,se
manch,alguno
manchmal,a veces
Mangel,falta
Mann,hombre
männlich,masculino
Mannschaft,equipo
Mantel,abrigo
Mappe,carpeta
Märchen,cuento de hadas
Margarine,margarina
Marille,albaricoque
Marke,marca
markieren,marcar
Markt,mercado
Marmelade,mermelada
Maschine,máquina
Material,material
Matura,selectividad
Mauer,muro
maximal,como máximo
Mechaniker,mecánico
Medien,medios de comunicación
Medikament,medicamento
Medizin,medicina
Meer,mar
Mehl,harina
mehr,más
mehrere,varios
Mehrheit,mayoría
Mehrwertsteuer,IVA
meinen,opinar
meinetwegen,por mí
Meinung,opinión
meist,la mayoría
meistens,la mayoría de las veces
Meister,maestro
melden,informar
Meldung,noticia
Menge,cantidad
Mensa,comedor universitario
Mensch,persona
menschlich,humano
Menü,menú
merken,darse cuenta
merkwürdig,extraño
Messe,feria
messen,medir
Messer,cuchillo
Metall,metal
Methode,método
Metropole,metrópoli
Metzger,carnicero
mieten,alquilar
Miete,alquiler
Mieter,inquilino
Migrant,inmigrante
Migration,migración
Milch,leche
mild,suave
Minderheit,minoría
mindestens,por lo menos
Mineralwasser,agua mineral
minimal,mínimo
mischen,mezclar
miss-,mal
mit,con
Mitarbeiter,empleado
miteinander,juntos
Mitglied,miembro
Mitte,medio
mitteilen,comunicar
Mittel,medio
mitten,en medio
mittler,medio
mittlerweile,mientras tanto
Möbel,muebles
möbliert,amueblado
möchten,querer
mobil/mobil-,móvil
Mobilbox,buzón de voz
Mobilität,movilidad
Mobiltelefon,teléfono móvil
Mode,moda
Modell,modelo
modern,moderno
mögen,gustar
möglich,posible
Möglichkeit,posibilidad
möglichst,a ser posible
Möhre,zanahoria
Moment,momento
Mond,luna
Monitor,monitor
Motor,motor
Motorrad,motocicleta
müde,cansado
Mühe,esfuerzo
Müll,basura
Müllabfuhr,recogida de basuras
Mülltonne,contenedor de basura
Mund,boca
mündlich,oral
Münze,moneda
Museum,museo
Musik,música
musikalisch,musical
Musiker,músico
Muskel,músculo
Müsli,muesli
müssen,tener que
Mut,valor
mutig,valiente
Mutter,madre
nach,hacia
nachdem,después de
nachdenken,reflexionar
Nachfrage,demanda
Nachhilfe,clases particulares
nachher,después
Nachricht,noticia
nachschlagen,consultar
Nachspeise,postre
nächst,próximo
Nachteil,desventaja
Nachwuchs,descendencia
Nadel,aguja
Nagel,uña
nah,cerca
Nähe,cerca
nähen,coser
sich nähern,acercarse
Nahrungsmittel,alimento
Name,nombre
nämlich,a saber
Nase,nariz
nass,mojado
national/national-,nacional
Natur,naturaleza
natürlich,naturalmente
Nebel,niebla
neblig,con niebla
neben,al lado
nebenan,al lado
nebenbei,además
Neffe,sobrino
negativ,negativo
nehmen,tomar
nein,no
nennen,llamar
Nerv,nervio
nervös,nervioso
nett,amable
Netz,red
Netzwerk,red
neu,nuevo
Neuigkeit,novedad
neugierig,curioso
neulich,hace poco
nicht,no
Nichte,sobrina
Nichtraucher,no fumador
nichts,nada
nie,nunca
niedrig,bajo
niemand,nadie
nirgends,en ninguna parte
nirgendwo,en ninguna parte
noch,todavía
noch mal,otra vez
nochmals,otra vez
normal,normal
normalerweise,normalmente
Not-,de emergencia
Note,nota
notieren,anotar
Notiz,nota
nötig,necesario
notwendig,necesario
Nudel,pasta
Nummer,número
nun,ahora
nur,solo
nutzen,aprovechar
nützen,servir
nützlich,útil
ob,si
oben,arriba
ober-,superior
Ober,camarero
Obers,nata
Obst,fruta
obwohl,aunque
oder,o
Ofen,horno
offen,abierto
öffentlich,público
Öffentlichkeit,público
veröffentlichen,publicar
offenbar,al parecer
offiziell,oficial
öffnen,abrir
oft/öfter,a menudo
ohne,sin
Ohr,oreja
Öko-,ecológico
Öl,aceite
Oma,abuela
Onkel,tío
Opa,abuelo
Oper,ópera
operieren,operar
Operation,operación
Opfer,víctima
optimistisch,optimista
Orange,naranja
Orchester,orquesta
ordentlich,ordenado
Ordination,consulta
ordnen,ordenar
Ordner,carpeta
Ordnung,orden
organisieren,organizar
Organisation,organización
Original,original
original,original
Ort,lugar
Ozean,océano
Paar,par
packen,hacer la maleta
Paket,paquete
Panne,avería
Papier,papel
Paradeiser,tomate
parallel,paralelo
Parfüm,perfume
Park,parque
parken,aparcar
parkieren,aparcar
Partner,pareja
Party,fiesta
Pass,pasaporte
Passagier,pasajero
passen,quedar bien
passieren,pasar
passiv,pasivo
Patient,paciente
pauschal,a todo incluido
Pause,pausa
Pech,mala suerte
peinlich,vergonzoso
Pension,pensión
pensioniert,jubilado
Pensionist,jubilado
per,por
perfekt,perfecto
Perron,andén
Person,persona
persönlich,personal
Personalien,datos personales
Personenstand,estado civil
Personal,personal
Pfanne,sartén
Pfeffer,pimienta
pflanzen,plantar
Pflanze,planta
Pflaster,tirita
Pflaume,ciruela
pflegen,cuidar
Pfleger,cuidador
Pflicht,obligación
Phantasie,fantasía
Picknick,picnic
Pille,píldora
Pilz,seta
Pizza,pizza
Plakat,cartel
planen,planear
Plan,plan
Planung,planificación
Plastik,plástico
Platz,plaza
plötzlich,de repente
Politik,política
Politiker,político
politisch,político
Polizei,policía
Polizist,policía
Pommes frites,patatas fritas
populär,popular
Portemonnaie,monedero
Portion,porción
positiv,positivo
Post,correos
Postleitzahl,código postal
Pöstler,cartero
Poulet,pollo
Praktikum,prácticas
Praktikant,practicante
praktisch,práctico
präsentieren,presentar
Präsentation,presentación
Praxis,práctica
Preis,precio
preiswert,barato
Presse,prensa
prima,genial
privat,privado
pro,por
probieren,probar
Problem,problema
produzieren,producir
Produkt,producto
Produktion,producción
Professor,profesor
Profi,profesional
Profisportler,deportista profesional
Programm,programa
Projekt,proyecto
Prospekt,folleto
Prost,¡salud!
protestieren,protestar
Protest,protesta
Prozess,proceso
prüfen,examinar
Prüfung,examen
Publikum,público
Pullover,jersey
Punkt,punto
pünktlich,puntual
Puppe,muñeca
putzen,limpiar
Qualifikation,cualificación
Qualität,calidad
Quartier,barrio
quer,transversal
Quittung,recibo
Quiz,concurso
Rabatt,descuento
Rad,rueda
Radfahrer,ciclista
Radio,radio
Rahm,nata
Rand,borde
Rasen,césped
sich rasieren,afeitarse
raten,aconsejar
Rat,consejo
Ratschlag,consejo
Rätsel,acertijo
Rathaus,ayuntamiento
rauchen,fumar
Raucher,fumador
Raum,espacio
rauf/rauf-,arriba
raus/raus-,afuera
reagieren,reaccionar
Reaktion,reacción
realisieren,darse cuenta
Realität,realidad
realistisch,realista
Recherche,investigación
rechnen,calcular
Rechner,calculadora
Rechnung,factura
Recht,derecho
rechtlich,legal
recht,correcto
rechts,derecha
recht-,derecho
rechtzeitig,a tiempo
reden,hablar
Rede,discurso
reduzieren,reducir
Referat,ponencia
Reform,reforma
Regal,estantería
Regel,regla
regelmäßig,regularmente
regeln,regular
regnen,llover
Regen,lluvia
Region,región
regional,regional
reich,rico
reichen,bastar
reif,maduro
Reifen,neumático
Reihe,fila
Reihenfolge,orden
rein,puro
reinigen,limpiar
Reinigung,limpieza
Reis,arroz
reisen,viajar
Reise,viaje
Reisebüro,agencia de viajes
reiten,montar
Reklame,publicidad
Rekord,récord
relativ,relativo
Religion,religión
rennen,correr
Rente,pensión
Rentner,jubilado
reparieren,reparar
Reparatur,reparación
Reportage,reportaje
Reporter,reportero
reservieren,reservar
Reservierung,reserva
Respekt,respeto
Rest,resto
Restaurant,restaurante
retten,salvar
Rezept,receta
Rezeption,recepción
Richter,juez
richtig,correcto
Richtung,dirección
riechen,oler
riesig,enorme
Rind,ternera
Ring,anillo
Risiko,riesgo
Rock,falda
roh,crudo
Rohr,tubería
Rolle,papel
Roman,novela
Rose,rosa
rück-,de vuelta
Rucksack,mochila
rückwärts,hacia atrás
rufen,llamar
Rufnummer,número de teléfono
Ruhe,tranquilidad
ruhig,tranquilo
Runde,ronda
Rundfahrt,vuelta
Saal,sala
Sache,cosa
Sack,saco
Saft,zumo
sagen,decir
Sahne,nata
Saison,temporada
Salat,ensalada
Salbe,pomada
Salon,salón
Salz,sal
salzig,salado
sammeln,coleccionar
sämtliche,todos
Sand,arena
Sänger,cantante
satt,lleno
Satz,frase
sauber,limpio
sauer,ácido
Schachtel,caja
schade,lástima
schaden,dañar
Schaden,daño
schädlich,perjudicial
schaffen,lograr
schalten,cambiar
Schalter,interruptor
scharf,picante
Schatten,sombra
schätzen,estimar
schauen,mirar
Schaufenster,escaparate
Schauspieler,actor
Scheibe,rodaja
sich scheiden lassen,divorciarse
geschieden,divorciado
Scheidung,divorcio
Schein,billete
scheinen,brillar
schenken,regalar
Schere,tijeras
schicken,enviar
schieben,empujar
schief,torcido
schießen,disparar
Schiff,barco
Schild,señal
schimpfen,regañar
Schinken,jamón
Schirm,paraguas
schlafen,dormir
Schlaf,sueño
schlagen,golpear
Schlagobers,nata montada
Schlange,serpiente
schlank,delgado
schlecht,malo
schließen,cerrar
schließlich,finalmente
schlimm,grave
Schloss,castillo
Schluss,final
Schlüssel,llave
schmal,estrecho
schmecken,saber
Schmerz,dolor
Schmerzmittel,analgésico
schminken,maquillar
Schmuck,joya
Schmutz,suciedad
schmutzig,sucio
Schnee,nieve
schneien,nevar
schneiden,cortar
schnell,rápido
Schnitzel,escalope
Schnupfen,resfriado
Schokolade,chocolate
schon,ya
schön,bonito
Schrank,armario
Schreck,susto
schrecklich,terrible
schreiben,escribir
Schreiben,escrito
schreien,gritar
Schrift,escritura
schriftlich,por escrito
Schriftsteller,escritor
Schritt,paso
Schuh,zapato
Schuld,culpa
schuld,culpable
Schulden,deudas
schuldig,culpable
Schule,escuela
Schüler,alumno
Schularbeit,trabajo escolar
Schulter,hombro
Schüssel,cuenco
schütteln,agitar
schützen,proteger
Schutz,protección
schwach,débil
Schwammerl,seta
schwanger,embarazada
Schwangerschaft,embarazo
schweigen,callar
schwer,pesado
Schwester,hermana
Schwieger-,suegro
schwierig,difícil
Schwierigkeit,dificultad
schwimmen,nadar
Schwimmbad,piscina
schwitzen,sudar
See,lago
Sehenswürdigkeit,monumento
sehr,muy
Seife,jabón
sein,ser
seit,desde
seitdem,desde entonces
Seite,página
Sekretär,secretario
selb-,mismo
selbst,mismo
selber,mismo
selbstständig,autónomo
selbstverständlich,por supuesto
selten,raramente
seltsam,extraño
Semester,semestre
Seminar,seminario
Semmel,panecillo
senden,enviar
Sender,emisora
Sendung,programa
Senioren,personas mayores
senkrecht,vertical
Serie,serie
Service,servicio
Serviceangestellte,empleado de servicio
Sessel,sillón
setzen,sentar
sicher,seguro
sichern,asegurar
Sicherheit,seguridad
sichtbar,visible
siegen,vencer
Sieg,victoria
Sieger,vencedor
siezen,tratar de usted
singen,cantar
sinken,hundirse
Sinn,sentido
sinnlos,sin sentido
sinnvoll,con sentido
Situation,situación
sitzen,estar sentado
Sitz,asiento
Ski/Schi,esquí
so,así
sobald,tan pronto como
Socke,calcetín
sodass,de modo que
Sofa,sofá
sofort,inmediatamente
sogenannt,llamado
sogar,incluso
Sohn,hijo
solange,mientras
solch,tal
sollen,deber
Sonder-,especial
Sonderangebot,oferta especial
sondern,sino
Sonne,sol
sonnig,soleado
sonst,si no
sorgen,preocuparse
Sorge,preocupación
Soße/Sauce,salsa
Souvenir,recuerdo
soviel,tanto
sowieso,de todos modos
sowohl ... als auch,tanto ... como
sozial,social
Sozialarbeiter,trabajador social
spannend,emocionante
sparen,ahorrar
sparsam,ahorrador
Spaß,diversión
spät,tarde
spätestens,a más tardar
spazieren gehen,pasear
Spaziergang,paseo
speichern,guardar
Speise,plato
Speisekarte,menú
Speisewagen,vagón restaurante
Spezial-,especial
Spezialist,especialista
speziell,especial
Spiegel,espejo
spielen,jugar
Spiel,juego
Spieler,jugador
Spielplatz,parque infantil
Spielzeug,juguete
spitz,afilado
Sport,deporte
Sportart,tipo de deporte
Sportler,deportista
sportlich,deportivo
Sprache,idioma
sprechen,hablar
Sprechstunde,horario de consulta
springen,saltar
Spritze,inyección
spülen,enjuagar
Spur,carril
spüren,sentir
Stadion,estadio
Stadt,ciudad
städtisch,urbano
Stadtplan,plano de la ciudad
stammen,proceder
ständig,constantemente
Standpunkt,punto de vista
Star,estrella
stark,fuerte
starten,arrancar
Start,salida
steil,empinado
Stein,piedra
Stelle,lugar
stellen,poner
Stempel,sello
sterben,morir
Stern,estrella
Steuer,impuesto
Steward,azafato
Stift,lápiz
Stil,estilo
stilistisch,estilístico
still,silencioso
Stimme,voz
stimmen,ser correcto
Stimmung,ambiente
stinken,apestar
Stock,piso
Stockwerk,planta
Stoff,tela
stolz,orgulloso
stoppen,parar
stören,molestar
Störung,molestia
stoßen,empujar
Strafe,multa
strafbar,punible
Strafzettel,multa
Strand,playa
Straße,calle
Straßenbahn,tranvía
Strecke,tramo
Streichholz,cerilla
streiken,hacer huelga
Streik,huelga
streiten,discutir
Streit,disputa
streng,estricto
Stress,estrés
Strom,corriente
Strumpf,media
Stück,trozo
Student,estudiante
Studierende,estudiante
studieren,estudiar
Studium,estudios
Studio,estudio
Stufe,nivel
Stuhl,silla
stumm,mudo
Stunde,hora
Sturm,tormenta
stürzen,caer
suchen,buscar
Sucht,adicción
süchtig,adicto
Suchtmittel,droga
Summe,suma
super,genial
Supermarkt,supermercado
Suppe,sopa
süß,dulce
Symbol,símbolo
sympathisch,simpático
System,sistema
Szene,escena
Tabelle,tabla
Tablette,pastilla
Tafel,pizarra
Tagesablauf,rutina diaria
Tal,valle
Talent,talento
tanken,repostar
Tankstelle,gasolinera
Tante,tía
tanzen,bailar
Tanz,baile
Tasche,bolso
Taschengeld,paga
Taschentuch,pañuelo
Tasse,taza
Tastatur,teclado
Taste,tecla
Tat,hecho
Täter,autor
Tatsache,hecho
tatsächlich,de hecho
taub,sordo
tauchen,bucear
tauschen,intercambiar
Taxi,taxi
Team,equipo
Technik,técnica
technisch,técnico
Technologie,tecnología
Tee,té
teilen,compartir
Teil,parte
Teilzeit,a tiempo parcial
teilnehmen,participar
Teilnahme,participación
Teilnehmer,participante
telefonieren,hablar por teléfono
Telefon,teléfono
Teller,plato
Temperatur,temperatura
Tempo,velocidad
Tennis,tenis
Teppich,alfombra
Termin,cita
Terminkalender,agenda
Terrasse,terraza
testen,probar
Test,prueba
teuer,caro
Text,texto
Theater,teatro
Thema,tema
theoretisch,teórico
Theorie,teoría
Therapie,terapia
Ticket,billete
tief,profundo
Tier,animal
Haustier,mascota
Tierpark,parque zoológico
Tipp,consejo
tippen,teclear
Tisch,mesa
Titel,título
Tochter,hija
Tod,muerte
tödlich,mortal
Toilette,baño
tolerant,tolerante
toll,genial
Tomate,tomate
Topf,olla
Tor,puerta
Torte,tarta
tot,muerto
Tote,muerto
total,total
Tourismus,turismo
Tourist,turista
Tradition,tradición
traditionell,tradicional
tragen,llevar
trainieren,entrenar
Trainer,entrenador
Training,entrenamiento
Tram,tranvía
Träne,lágrima
transportieren,transportar
Transport,transporte
träumen,soñar
Traum,sueño
Traum-,de ensueño
traurig,triste
treffen,quedar
Treffpunkt,punto de encuentro
treiben,practicar
trennen,separar
Trennung,separación
getrennt leben,vivir separado
Treppe,escalera
Treppenhaus,caja de escalera
treten,pisar
treu,fiel
trinken,beber
Trinkgeld,propina
trocken,seco
trocknen,secar
Tropfen,gota
Trottoir,acera
trotz,a pesar de
trotzdem,sin embargo
Tuch,paño
tun,hacer
Tür,puerta
Turm,torre
Tüte,bolsa
Typ,tipo
typisch,típico
U-Bahn,metro
üben,practicar
Übung,ejercicio
über,sobre
überall,en todas partes
überfahren,atropellar
überhaupt,en absoluto
überholen,adelantar
überlegen,reflexionar
übermorgen,pasado mañana
übernachten,pernoctar
Übernachtung,pernoctación
übernehmen,asumir
überprüfen,comprobar
überqueren,cruzar
überraschen,sorprender
Überraschung,sorpresa
überreden,persuadir
übersetzen,traducir
Übersetzer,traductor
Übersetzung,traducción
Überschrift,titular
Überstunde,hora extra
übertreiben,exagerar
überweisen,transferir
Überweisung,transferencia
sich überzeugen,convencerse
Überzeugung,convicción
üblich,habitual
übrig,restante
übrigens,por cierto
Ufer,orilla
Uhr,reloj
um,a las
umarmen,abrazar
um ... zu,para
sich umdrehen,darse la vuelta
Umfrage,encuesta
Umgebung,alrededores
umgehen,tratar
umgekehrt,al revés
Umleitung,desvío
umso,tanto más
umsonst,en vano
umsteigen,hacer transbordo
umtauschen,cambiar
Umtausch,cambio
Umwelt,medio ambiente
Umweltschutz,protección del medio ambiente
Umweltverschmutzung,contaminación ambiental
umziehen,mudarse
Umzug,mudanza
sich umziehen,cambiarse
un-,in-
unbedingt,absolutamente
und,y
Unfall,accidente
ungefähr,aproximadamente
ungewöhnlich,inusual
unglaublich,increíble
Unglück,desgracia
unheimlich,inquietante
Uniform,uniforme
Universität,universidad
unten,abajo
unter,debajo
unter-,inferior
unterbrechen,interrumpir
sich unterhalten,charlar
Unterhaltung,conversación
Unterkunft,alojamiento
Unterlagen,documentos
unterlassen,omitir
unternehmen,emprender
Unternehmer,empresario
unterrichten,enseñar
Unterricht,clase
untersagt,prohibido
unterscheiden,distinguir
Unterschied,diferencia
unterschiedlich,diferente
unterschreiben,firmar
Unterschrift,firma
unterstreichen,subrayar
unterstützen,apoyar
Unterstützung,apoyo
untersuchen,examinar
Untersuchung,examen
unterwegs,de camino
Urkunde,documento
Urlaub,vacaciones
Ursache,causa
verursachen,causar
ursprünglich,originalmente
Urteil,sentencia
Vase,jarrón
Vater,padre
vegetarisch,vegetariano
Velo,bicicleta
sich verabreden,quedar
verabredet,con una cita
Verabredung,cita
sich verabschieden,despedirse
Abschied,despedida
sich verändern,cambiar
Veranstaltung,evento
verantwortlich,responsable
Verantwortung,responsabilidad
sich verbessern,mejorar
verbieten,prohibir
Verbot,prohibición
verboten,prohibido
verbinden,conectar
Verbindung,conexión
verbrauchen,consumir
Verbrecher,delincuente
verbrennen,quemar
verbringen,pasar
Verdacht,sospecha
verdächtig,sospechoso
verdienen,ganar
Verein,asociación
vereinbaren,acordar
Vergangenheit,pasado
vergeblich,en vano
vergessen,olvidar
vergleichen,comparar
Vergleich,comparación
sich vergnügen,divertirse
Vergnügen,placer
vergnügt,alegre
vergrößern,ampliar
verhaften,detener
sich verhalten,comportarse
Verhalten,comportamiento
Verhältnis,relación
verheiratet,casado
verhindern,impedir
verkaufen,vender
Verkäufer,vendedor
Verkehr,tráfico
Verkehrsmittel,medio de transporte
Verlag,editorial
verlangen,exigir
verlängern,prolongar
verlassen,abandonar
sich verlaufen,perderse
verletzen,herir
Verletzung,herida
sich verlieben,enamorarse
verliebt,enamorado
verlieren,perder
Verlierer,perdedor
Verlust,pérdida
vermeiden,evitar
vermieten,alquilar
Vermieter,propietario
Vermietung,alquiler
vermissen,echar de menos
Vermittlung,intermediación
vermuten,suponer
vermutlich,probablemente
vernünftig,razonable
verpacken,empaquetar
verpassen,perder
verpflegen,alimentar
verpflichtet,obligado
verraten,revelar
verreisen,irse de viaje
verrückt,loco
Versammlung,reunión
versäumen,perder
verschieben,posponer
verschieden,diferente
verschreiben,recetar
verschwinden,desaparecer
versichern,asegurar
Versichertenkarte,tarjeta de seguro
Versicherung,seguro
Verspätung,retraso
versprechen,prometer
verständlich,comprensible
Verständnis,comprensión
verstecken,esconder
verstehen,entender
versuchen,intentar
Versuch,intento
verteilen,repartir
Vertrag,contrato
vertrauen,confiar
Vertrauen,confianza
vertreten,representar
Vertreter,representante
Vertretung,representación
verurteilen,condenar
Verwaltung,administración
verwandt,pariente
Verwandte,pariente
verwechseln,confundir
verwenden,usar
verzeihen,perdonar
Verzeihung,perdón
verzichten,renunciar
Video,vídeo
viel/viele,mucho
vielleicht,quizás
Viertel,barrio
virtuell,virtual
Virus,virus
Visitenkarte,tarjeta de visita
Visum,visado
Vitamin,vitamina
voll,lleno
Vollzeit,a tiempo completo
Volleyball,voleibol
völlig,completamente
von,de
voneinander,el uno del otro
vor,delante de
vor allem,sobre todo
voraus,por adelantado
Voraussetzung,requisito
voraussichtlich,probablemente
vorbei/vorbei-,pasado
vorbereiten,preparar
Vorbereitung,preparación
vorder-,delantero
Vorfahrt,preferencia
vorgestern,anteayer
vorhaben,tener la intención
vorher,antes
vorhin,hace un momento
vorläufig,provisional
vorlesen,leer en voz alta
vorn,delante
Vorort,suburbio
vorschlagen,sugerir
Vorschlag,sugerencia
Vorschrift,norma
Vorsicht,cuidado
vorsichtig,con cuidado
sich vorstellen,presentarse
Vorstellung,presentación
Vorstellungsgespräch,entrevista de trabajo
Vorteil,ventaja
Vortrag,conferencia
Vorwahl,prefijo
vorwärts,hacia adelante
Vorwurf,reproche
waagerecht,horizontal
wach,despierto
wachsen,crecer
Wagen,coche
wählen,elegir
Wahl,elección
wahnsinnig,loco
wahr,verdad
Wahrheit,verdad
während,mientras
wahrscheinlich,probablemente
Wald,bosque
Wand,pared
wandern,hacer senderismo
Wanderung,excursión
wann,cuándo
Ware,mercancía
warm,caliente
Wärme,calor
warnen,advertir
warten,esperar
warum,por qué
was,qué
was für ein,qué tipo de
waschen,lavar
Wäsche,ropa
Waschmittel,detergente
Wasser,agua
wechseln,cambiar
wecken,despertar
Wecker,despertador
weder ... noch,ni ... ni
Weg,camino
weg/weg-,ido
wegen,a causa de
wehtun,doler
weiblich,femenino
weich,blando
sich weigern,negarse
weil,porque
Wein,vino
weinen,llorar
-weise,-mente
weit,lejos
weiter/weiter-,más
Weiterbildung,formación continua
welcher,cuál
Welt,mundo
weltweit,mundial
wenden,girar
wenig/wenige,poco
wenigstens,por lo menos
wenn,cuando
wer,quién
Werbung,publicidad
werden,llegar a ser
werfen,lanzar
Werk,obra
Werkstatt,taller
Werkzeug,herramienta
wert,valioso
Wert,valor
wertlos,sin valor
wertvoll,valioso
weshalb,por qué
Wettbewerb,concurso
wetten,apostar
Wetter,tiempo
Wetterbericht,informe meteorológico
Wettervorhersage,previsión del tiempo
wichtig,importante
widersprechen,contradecir
wie,cómo
wieder/wieder-,otra vez
wiederholen,repetir
Wiederholung,repetición
wieviel,cuánto
willkommen,bienvenido
Wind,viento
windig,ventoso
winken,saludar
wirken,actuar
Wirkung,efecto
wirklich,realmente
Wirklichkeit,realidad
Wirt,anfitrión
Wirtschaft,economía
wissen,saber
Wissen,conocimiento
Wissenschaft,ciencia
Wissenschaftler,científico
Witz,chiste
wo,dónde
woher,de dónde
wohin,a dónde
wohl,bien
wohnen,vivir
Wohnort,lugar de residencia
Wohnsitz,domicilio
Wohnung,piso
Wohnzimmer,salón
Wolke,nube
bewölkt,nublado
Wolle,lana
wollen,querer
worüber,sobre qué
worum,de qué
Wort,palabra
Wörterbuch,diccionario
Wunde,herida
Wunder,milagro
wunderbar,maravilloso
sich wundern,sorprenderse
wunderschön,maravilloso
sich wünschen,desear
Wunsch,deseo
Wurst,salchicha
wütend,furioso
Zahl,número
zahlen,pagar
Zahlung,pago
zählen,contar
Zahn,diente
Zahncreme,pasta de dientes
Zange,alicates
Zeichen,señal
zeichnen,dibujar
Zeichnung,dibujo
zeigen,mostrar
Zeile,línea
Zeit,tiempo
Zeitpunkt,momento
zurzeit,actualmente
Zeitschrift,revista
Zeitung,periódico
Zelt,tienda de campaña
zelten,acampar
zentral,central
Zentrum,centro
zerstören,destruir
Zertifikat,certificado
Zettel,nota
Zeug,cosa
Zeuge,testigo
Zeugnis,certificado
ziehen,tirar
Ziel,meta
ziemlich,bastante
Zigarette,cigarrillo
Zimmer,habitación
Zinsen,intereses
Zirkus,circo
Zitrone,limón
Zivilstand,estado civil
Zoll,aduana
Zone,zona
Zoo,zoo
zu,a
zubereiten,preparar
Zucker,azúcar
zuerst,primero
Zufall,casualidad
zufällig,por casualidad
zufrieden,contento
Zugang,acceso
zugänglich,accesible
Zug,tren
zugehen,acercarse
Zuhause,hogar
zuhören,escuchar
Zuhörer,oyente
Zukunft,futuro
zukünftig,futuro
zuletzt,por último
zumachen,cerrar
zumindest,por lo menos
zunächst,primero
Zünder,cerilla
Zündholz,cerilla
zunehmen,aumentar
zurechtkommen,arreglárselas
zurück/zurück-,de vuelta
zurzeit,actualmente
zusagen,aceptar
zusammen/zusammen-,juntos
Zusammenarbeit,colaboración
zusammenfassen,resumir
Zusammenhang,relación
zusätzlich,adicional
zuschauen,mirar
Zuschauer,espectador
Zuschlag,suplemento
zusperren,cerrar con llave
Zustand,estado
zuständig,competente
zustimmen,estar de acuerdo
Zustimmung,acuerdo
Zutaten,ingredientes
zuverlässig,fiable
Zvieri/Znüni,merienda
zwar,aunque
Zweck,propósito
zweifeln,dudar
Zweifel,duda
zwingen,obligar
Zwiebel,cebolla
zwischen,entre
